idProducto,nombre,cantidadDisponible,precio,descuento,valorDescuento,iva,descripcion,img,marca,categoria
0,televisor h21,2,300000.0,0.05,0.05,1.19,televisor 23 pulgadas antirreflejo,rutaimagen,LG,TELEVISORES
1,celular x22,1,800000.0,0.1,0.1,1.19,celular dual sim doble camara,rutaimagen2,SAMSUNG,CELULARES
2,camioneta k3434,2,3.05E7,0.0,0.0,1.19,camioneta kia 0 kilimetros,rutaimagen3,KIA,VEHICULOS
3,computador compumax 555,10,1000000.0,0.2,0.2,1.19,cpu compumax 500gb disco 4gb ram,rutaimagen4,COMPUMAX,COMPUTADORES
4,SILLA GAMER 3345,2,900000.0,0.0,0.0,1.19,Silla Gamer Redragon roja tapete exclusivo,rutaimagen5,REDRAGON,SILLASGAMER
5,Lavadora 32x3,4,2000000.0,0.05,0.05,1.19,Lavadora de lujo 32 3x,rutaimagen5,SAMSUNG,LAVADORAS
6,Televisor 12 xdj,2,800000.0,0.0,0.0,1.19,televisor 12 mini,rutaimagen6,SAMSUNG,TELEVISORES
7,Celular motorola g200,2,4000000.0,0.1,0.1,1.19,celular 6g 7g memoria 500 almacenamiento,rutaimagen7,LG,CELULARES
8,Celular Sam 300,2,1000000.0,0.05,0.05,1.19,celular gama baja samsung,rutaimagen8,SAMSUNG,CELULARES
9,todo terreno 4440z,2,5.05E7,0.2,0.2,1.19,camioneta 4x4 estable,rutaimagen9,KIA,VEHICULOS
10,Silla gamer 800525,2,2500000.0,0.0,0.0,1.19,Silla gamer verde con leds,rutaimagen10,REDRAGON,SILLASGAMER
