<?xml version="1.0" encoding="UTF-8"?>
<project-private xmlns="http://www.netbeans.org/ns/project-private/1">
    <editor-bookmarks xmlns="http://www.netbeans.org/ns/editor-bookmarks/2" lastBookmarkId="0"/>
    <open-files xmlns="http://www.netbeans.org/ns/projectui-open-files/2">
        <group>
            <file>file:/F:/Programacion/JAVA/Spring/Actividad1_Sem2/src/ejercicio3/triqui.java</file>
            <file>file:/F:/Programacion/JAVA/Spring/Actividad1_Sem2/src/ejercicio1/ordenar.java</file>
            <file>file:/F:/Programacion/JAVA/Spring/Actividad1_Sem2/src/ejercicio2/exerc1.java</file>
        </group>
    </open-files>
</project-private>
