<?xml version="1.0" encoding="UTF-8"?>
<project-private xmlns="http://www.netbeans.org/ns/project-private/1">
    <editor-bookmarks xmlns="http://www.netbeans.org/ns/editor-bookmarks/2" lastBookmarkId="0"/>
    <open-files xmlns="http://www.netbeans.org/ns/projectui-open-files/2">
        <group>
            <file>file:/F:/Programacion/JAVA/Spring/Quiz1/src/main/Arbustos.java</file>
            <file>file:/F:/Programacion/JAVA/Spring/Quiz1/src/main/Planta.java</file>
            <file>file:/F:/Programacion/JAVA/Spring/Quiz1/src/main/Arboles.java</file>
            <file>file:/F:/Programacion/JAVA/Spring/Quiz1/src/FinPlant/DatPlant.java</file>
            <file>file:/F:/Programacion/JAVA/Spring/Quiz1/src/main/Matas.java</file>
            <file>file:/F:/Programacion/JAVA/Spring/Quiz1/src/main/Hierbas.java</file>
        </group>
    </open-files>
</project-private>
